{
    "model_name": "LightVGG",
    "accuracy": 0.7660256410256411,
    "balanced_accuracy": 0.6905982905982906,
    "precision": 0.730188679245283,
    "recall": 0.9923076923076923,
    "f1_score": 0.841304347826087,
    "specificity": 0.3888888888888889,
    "auc_roc": 0.9066732412886259,
    "auc_pr": 0.9450882496099978,
    "confusion_matrix": [
        [
            91,
            143
        ],
        [
            3,
            387
        ]
    ],
    "true_positives": 387,
    "true_negatives": 91,
    "false_positives": 143,
    "false_negatives": 3,
    "fpr_curve": [
        0.0,
        0.1282051282051282,
        0.1752136752136752,
        0.18803418803418803,
        0.19658119658119658,
        0.2094017094017094,
        0.2094017094017094,
        0.21794871794871795,
        0.2222222222222222,
        0.2264957264957265,
        0.23504273504273504,
        0.23931623931623933,
        0.25213675213675213,
        0.2564102564102564,
        0.26495726495726496,
        0.26495726495726496,
        0.26495726495726496,
        0.2692307692307692,
        0.28205128205128205,
        0.2905982905982906,
        0.2905982905982906,
        0.31196581196581197,
        0.32051282051282054,
        0.32905982905982906,
        0.3333333333333333,
        0.358974358974359,
        0.358974358974359,
        0.36752136752136755,
        0.36752136752136755,
        0.41452991452991456,
        0.41452991452991456,
        0.4230769230769231,
        0.4230769230769231,
        0.43162393162393164,
        0.4358974358974359,
        0.44871794871794873,
        0.452991452991453,
        0.4658119658119658,
        0.47435897435897434,
        0.5213675213675214,
        0.5213675213675214,
        0.5256410256410257,
        0.5256410256410257,
        0.5641025641025641,
        0.5641025641025641,
        0.6324786324786325,
        0.6410256410256411,
        0.6923076923076923,
        0.6923076923076923,
        0.8076923076923077,
        0.811965811965812,
        0.8162393162393162,
        0.8162393162393162,
        1.0
    ],
    "tpr_curve": [
        0.0,
        0.8666666666666667,
        0.8948717948717949,
        0.9102564102564102,
        0.9128205128205128,
        0.9230769230769231,
        0.9282051282051282,
        0.9333333333333333,
        0.9384615384615385,
        0.9384615384615385,
        0.941025641025641,
        0.9435897435897436,
        0.9435897435897436,
        0.9461538461538461,
        0.9461538461538461,
        0.9538461538461539,
        0.958974358974359,
        0.9615384615384616,
        0.9615384615384616,
        0.9615384615384616,
        0.9641025641025641,
        0.9641025641025641,
        0.9641025641025641,
        0.9641025641025641,
        0.9666666666666667,
        0.9666666666666667,
        0.9692307692307692,
        0.9692307692307692,
        0.9743589743589743,
        0.9743589743589743,
        0.9769230769230769,
        0.9769230769230769,
        0.9794871794871794,
        0.9794871794871794,
        0.982051282051282,
        0.982051282051282,
        0.9846153846153847,
        0.9846153846153847,
        0.9846153846153847,
        0.9846153846153847,
        0.9871794871794872,
        0.9871794871794872,
        0.9897435897435898,
        0.9897435897435898,
        0.9923076923076923,
        0.9923076923076923,
        0.9923076923076923,
        0.9923076923076923,
        0.9948717948717949,
        0.9948717948717949,
        0.9974358974358974,
        0.9974358974358974,
        1.0,
        1.0
    ],
    "test_samples": 624,
    "prediction_distribution": {
        "normal": 94,
        "pneumonia": 530
    }
}