{
    "model_name": "MobileNet-V2",
    "accuracy": 0.7596153846153846,
    "balanced_accuracy": 0.6803418803418804,
    "precision": 0.7230483271375465,
    "recall": 0.9974358974358974,
    "f1_score": 0.8383620689655172,
    "specificity": 0.36324786324786323,
    "auc_roc": 0.8910859083936007,
    "auc_pr": 0.9333947217653092,
    "confusion_matrix": [
        [
            85,
            149
        ],
        [
            1,
            389
        ]
    ],
    "true_positives": 389,
    "true_negatives": 85,
    "false_positives": 149,
    "false_negatives": 1,
    "fpr_curve": [
        0.0,
        0.13675213675213677,
        0.20512820512820512,
        0.23931623931623933,
        0.24786324786324787,
        0.2564102564102564,
        0.27350427350427353,
        0.2948717948717949,
        0.31196581196581197,
        0.3162393162393162,
        0.32051282051282054,
        0.3247863247863248,
        0.32905982905982906,
        0.3418803418803419,
        0.34615384615384615,
        0.3504273504273504,
        0.358974358974359,
        0.36324786324786323,
        0.3717948717948718,
        0.3803418803418803,
        0.38461538461538464,
        0.3888888888888889,
        0.3888888888888889,
        0.405982905982906,
        0.41452991452991456,
        0.4230769230769231,
        0.4230769230769231,
        0.44017094017094016,
        0.44017094017094016,
        0.4444444444444444,
        0.452991452991453,
        0.46153846153846156,
        0.4700854700854701,
        0.48717948717948717,
        0.48717948717948717,
        0.5256410256410257,
        0.5256410256410257,
        0.5555555555555556,
        0.5555555555555556,
        0.5769230769230769,
        0.5769230769230769,
        0.5854700854700855,
        0.5854700854700855,
        0.5897435897435898,
        0.5897435897435898,
        0.594017094017094,
        0.6025641025641025,
        0.6239316239316239,
        0.6239316239316239,
        0.6623931623931624,
        0.6623931623931624,
        1.0
    ],
    "tpr_curve": [
        0.0,
        0.8,
        0.8794871794871795,
        0.9025641025641026,
        0.9205128205128205,
        0.9282051282051282,
        0.941025641025641,
        0.941025641025641,
        0.9461538461538461,
        0.9512820512820512,
        0.9512820512820512,
        0.9538461538461539,
        0.9538461538461539,
        0.9538461538461539,
        0.9564102564102565,
        0.9564102564102565,
        0.958974358974359,
        0.9615384615384616,
        0.9615384615384616,
        0.9641025641025641,
        0.9692307692307692,
        0.9692307692307692,
        0.9717948717948718,
        0.9717948717948718,
        0.9717948717948718,
        0.9717948717948718,
        0.9743589743589743,
        0.9743589743589743,
        0.9794871794871794,
        0.9794871794871794,
        0.9794871794871794,
        0.9794871794871794,
        0.9794871794871794,
        0.9794871794871794,
        0.982051282051282,
        0.982051282051282,
        0.9846153846153847,
        0.9846153846153847,
        0.9871794871794872,
        0.9871794871794872,
        0.9897435897435898,
        0.9897435897435898,
        0.9923076923076923,
        0.9923076923076923,
        0.9948717948717949,
        0.9948717948717949,
        0.9948717948717949,
        0.9948717948717949,
        0.9974358974358974,
        0.9974358974358974,
        1.0,
        1.0
    ],
    "test_samples": 624,
    "prediction_distribution": {
        "normal": 86,
        "pneumonia": 538
    }
}