{
    "model_name": "ResNet-18",
    "accuracy": 0.7387820512820513,
    "balanced_accuracy": 0.6525641025641026,
    "precision": 0.705989110707804,
    "recall": 0.9974358974358974,
    "f1_score": 0.8267800212539851,
    "specificity": 0.3076923076923077,
    "auc_roc": 0.9098400175323251,
    "auc_pr": 0.947496644862449,
    "confusion_matrix": [
        [
            72,
            162
        ],
        [
            1,
            389
        ]
    ],
    "true_positives": 389,
    "true_negatives": 72,
    "false_positives": 162,
    "false_negatives": 1,
    "fpr_curve": [
        0.0,
        0.13247863247863248,
        0.21367521367521367,
        0.25213675213675213,
        0.27350427350427353,
        0.29914529914529914,
        0.3034188034188034,
        0.31196581196581197,
        0.3247863247863248,
        0.3247863247863248,
        0.32905982905982906,
        0.32905982905982906,
        0.3333333333333333,
        0.33760683760683763,
        0.34615384615384615,
        0.3547008547008547,
        0.36324786324786323,
        0.3717948717948718,
        0.3888888888888889,
        0.41452991452991456,
        0.42735042735042733,
        0.44871794871794873,
        0.44871794871794873,
        0.452991452991453,
        0.452991452991453,
        0.46153846153846156,
        0.46153846153846156,
        0.48717948717948717,
        0.49572649572649574,
        0.5042735042735043,
        0.5042735042735043,
        0.5085470085470085,
        0.5128205128205128,
        0.5341880341880342,
        0.5427350427350427,
        0.6111111111111112,
        0.6111111111111112,
        0.7478632478632479,
        0.7478632478632479,
        0.7564102564102564,
        0.7606837606837606,
        0.7692307692307693,
        0.8076923076923077,
        0.8162393162393162,
        1.0
    ],
    "tpr_curve": [
        0.0,
        0.8948717948717949,
        0.9205128205128205,
        0.941025641025641,
        0.9564102564102565,
        0.958974358974359,
        0.9641025641025641,
        0.9692307692307692,
        0.9717948717948718,
        0.9769230769230769,
        0.9769230769230769,
        0.9794871794871794,
        0.9794871794871794,
        0.982051282051282,
        0.982051282051282,
        0.982051282051282,
        0.982051282051282,
        0.982051282051282,
        0.982051282051282,
        0.982051282051282,
        0.982051282051282,
        0.982051282051282,
        0.9846153846153847,
        0.9846153846153847,
        0.9871794871794872,
        0.9871794871794872,
        0.9897435897435898,
        0.9897435897435898,
        0.9897435897435898,
        0.9897435897435898,
        0.9923076923076923,
        0.9923076923076923,
        0.9948717948717949,
        0.9948717948717949,
        0.9948717948717949,
        0.9948717948717949,
        0.9974358974358974,
        0.9974358974358974,
        1.0,
        1.0,
        1.0,
        1.0,
        1.0,
        1.0,
        1.0
    ],
    "test_samples": 624,
    "prediction_distribution": {
        "normal": 73,
        "pneumonia": 551
    }
}