{
    "model_name": "SimpleInception",
    "accuracy": 0.75,
    "balanced_accuracy": 0.6760683760683761,
    "precision": 0.7232824427480916,
    "recall": 0.9717948717948718,
    "f1_score": 0.8293216630196937,
    "specificity": 0.3803418803418803,
    "auc_roc": 0.9038516326977866,
    "auc_pr": 0.9358109516156099,
    "confusion_matrix": [
        [
            89,
            145
        ],
        [
            11,
            379
        ]
    ],
    "true_positives": 379,
    "true_negatives": 89,
    "false_positives": 145,
    "false_negatives": 11,
    "fpr_curve": [
        0.0,
        0.0,
        0.0,
        0.0,
        0.0,
        0.0,
        0.008547008547008548,
        0.01282051282051282,
        0.01282051282051282,
        0.017094017094017096,
        0.017094017094017096,
        0.02564102564102564,
        0.02564102564102564,
        0.02564102564102564,
        0.029914529914529916,
        0.029914529914529916,
        0.029914529914529916,
        0.029914529914529916,
        0.029914529914529916,
        0.029914529914529916,
        0.03418803418803419,
        0.03418803418803419,
        0.03418803418803419,
        0.038461538461538464,
        0.038461538461538464,
        0.038461538461538464,
        0.04700854700854701,
        0.04700854700854701,
        0.04700854700854701,
        0.04700854700854701,
        0.04700854700854701,
        0.04700854700854701,
        0.04700854700854701,
        0.04700854700854701,
        0.05555555555555555,
        0.05555555555555555,
        0.05555555555555555,
        0.05555555555555555,
        0.05555555555555555,
        0.05555555555555555,
        0.05555555555555555,
        0.05982905982905983,
        0.05982905982905983,
        0.06837606837606838,
        0.06837606837606838,
        0.07264957264957266,
        0.0811965811965812,
        0.0811965811965812,
        0.08547008547008547,
        0.08547008547008547,
        0.08547008547008547,
        0.08547008547008547,
        0.08974358974358974,
        0.08974358974358974,
        0.08974358974358974,
        0.08974358974358974,
        0.08974358974358974,
        0.08974358974358974,
        0.08974358974358974,
        0.08974358974358974,
        0.08974358974358974,
        0.08974358974358974,
        0.09829059829059829,
        0.09829059829059829,
        0.10256410256410256,
        0.10256410256410256,
        0.10256410256410256,
        0.10683760683760683,
        0.1111111111111111,
        0.1111111111111111,
        0.1111111111111111,
        0.1111111111111111,
        0.1111111111111111,
        0.1111111111111111,
        0.11538461538461539,
        0.11538461538461539,
        0.12393162393162394,
        0.12393162393162394,
        0.1282051282051282,
        0.13675213675213677,
        0.13675213675213677,
        0.14102564102564102,
        0.14102564102564102,
        0.1452991452991453,
        0.1581196581196581,
        0.1581196581196581,
        0.17094017094017094,
        0.17094017094017094,
        0.1752136752136752,
        0.1752136752136752,
        0.1794871794871795,
        0.18376068376068377,
        0.18376068376068377,
        0.18803418803418803,
        0.18803418803418803,
        0.19230769230769232,
        0.20085470085470086,
        0.20085470085470086,
        0.2094017094017094,
        0.21367521367521367,
        0.21367521367521367,
        0.2264957264957265,
        0.2264957264957265,
        0.23076923076923078,
        0.23076923076923078,
        0.24358974358974358,
        0.24358974358974358,
        0.24786324786324787,
        0.24786324786324787,
        0.2564102564102564,
        0.2606837606837607,
        0.2606837606837607,
        0.26495726495726496,
        0.26495726495726496,
        0.2692307692307692,
        0.2692307692307692,
        0.27350427350427353,
        0.27350427350427353,
        0.28205128205128205,
        0.28205128205128205,
        0.2905982905982906,
        0.2905982905982906,
        0.32051282051282054,
        0.32905982905982906,
        0.3333333333333333,
        0.33760683760683763,
        0.33760683760683763,
        0.3504273504273504,
        0.358974358974359,
        0.358974358974359,
        0.3717948717948718,
        0.3717948717948718,
        0.37606837606837606,
        0.37606837606837606,
        0.38461538461538464,
        0.38461538461538464,
        0.3888888888888889,
        0.39316239316239315,
        0.39316239316239315,
        0.4017094017094017,
        0.405982905982906,
        0.41452991452991456,
        0.41452991452991456,
        0.42735042735042733,
        0.42735042735042733,
        0.4700854700854701,
        0.4700854700854701,
        0.5341880341880342,
        0.5341880341880342,
        0.5427350427350427,
        0.5726495726495726,
        0.5726495726495726,
        0.5811965811965812,
        0.5811965811965812,
        0.6239316239316239,
        0.6239316239316239,
        0.6324786324786325,
        0.6367521367521367,
        0.6367521367521367,
        0.6538461538461539,
        0.6538461538461539,
        0.6923076923076923,
        0.6923076923076923,
        0.7008547008547008,
        0.717948717948718,
        0.717948717948718,
        0.7649572649572649,
        0.7649572649572649,
        0.7948717948717948,
        0.7948717948717948,
        0.8247863247863247,
        0.8247863247863247,
        0.8632478632478633,
        0.8632478632478633,
        0.8717948717948718,
        0.8717948717948718,
        0.8974358974358975,
        0.8974358974358975,
        1.0
    ],